Club Name,Club Email,Events
undefine,,"[object Object],[object Object],[object Object],[object Object],[object Object],[object Object],[object Object],[object Object],[object Object],[object Object],[object Object],[object Object],[object Object],[object Object],[object Object],[object Object],[object Object]"
Residence Life: Busch - BEST,lk505@rutgers.edu ,[object Object]
Physics and Astronomy (Graduate Organization),rpagso@physics.rutgers.edu ,"[object Object],[object Object],[object Object],[object Object],[object Object],[object Object],[object Object]"
Rutgers GRADient,rutgers.gradient@gmail.com ,[object Object]
Rutgers Italian Club ,rutgersitalianclub@gmail.com ,[object Object]
Fans of Philadelphia Eagles Rutgers ,stn37@scarletmail.rutgers.edu ,[object Object]
"Innovation, Design, and Entrepreneurship Academy",idea.hatchery@rutgers.edu ,[object Object]
National Residence Hall Honorary,rutgersnrhh@gmail.com ,[object Object]
Orthodox Christian Campus Ministries,rutgersnb@occministries.org ,[object Object]
Rutgers Global (Department at Rutgers University),info@global.rutgers.edu ,[object Object]
Douglass Diversity and Inclusion Program at Douglass Residential College - DRC,diversityatdouglass@echo.rutgers.edu ,[object Object]
Douglass WiSE at Douglass Residential College - DRC,DouglassWiSE@echo.rutgers.edu ,"[object Object],[object Object],[object Object]"
Center for Social Justice Education and LGBT Communities (Rutgers University),sje@echo.rutgers.edu ,"[object Object],[object Object],[object Object]"
Sailing Sport Club (Rutgers Recreation),rutgerssailing@gmail.com ,[object Object]
Organization of Luso-Americans at Rutgers,olar.general@gmail.com ,[object Object]
Unplugged - The Board Gaming Club,rutgersboardgames@gmail.com ,[object Object]
Student Centers and Activities (Department of),sca@echo.rutgers.edu ,[object Object]
Korean Graduate Student Association (Graduate Organization),admin@rkgsa.org ,[object Object]
Rutgers Taiwanese GSA/Rutgers Taiwan Study Association (Graduate Organization),tcwu@physics.rutgers.edu ,[object Object]
Seeing Eye Puppy Raising Club (Rutgers University),ruseprc.secretary@gmail.com ,"[object Object],[object Object]"
Desi Intercultural Youth Association,diya.rutgers@gmail.com ,[object Object]
Rutgers University Programming Association,rupainformation@gmail.com ,"[object Object],[object Object]"
Undergraduate Food Science Club,rufoodscienceclub@gmail.com ,[object Object]
United Black Council,ubcrutgers@gmail.com ,[object Object]
Rutgers Public Speaking Organization,rutgers.pso@gmail.com ,[object Object]
Student Involvement (Office of),osi@echo.rutgers.edu ,[object Object]
Prescription Drug Abuse and Overprescription Awareness Organization of Rutgers ,rutgerspdaoa@gmail.com ,[object Object]
Rites of Passage Ceremony,rop@echo.rutgers.edu ,[object Object]
"Health Outreach, Promotion and Education (H.O.P.E.) ",fmaresca@echo.rutgers.edu ,[object Object]
